,一、乾為天──旱象逢河,二、坤為地──包容萬象,三、水雷屯──亂絲無頭,四、山水蒙──小鬼偷錢,五、水天需──明珠出土,六、天水訟──二人爭路,七、地水師──馬到成功,八、水地比──船得順風,九、風天小畜──密雲不雨,十、天澤履──行走薄冰,十一、地天泰──喜報三元,十二、天地否──虎落陷坑,十三、天火同人──仙人指路,十四、火天大有──金玉滿堂,十五、地山謙──二人分金,十六、雷地豫──青龍得位,十七、澤雷隨──推車靠崖,十八、山風蠱──百事不順,十九、地澤臨──發政施仁,二十、風地觀──接受觀摩,二十一、火雷噬嗑──餓虎飢食,二十二、山火賁──萌芽出土,二十三、山地剝──瑣碎事多,二十四、地雷復──夫妻反目,二十五、天雷無妄──宜守本分,二十六、山天大畜──陣勢得開,二十七、山雷頤──渭水訪賢,二十八、澤風大過──夜夢金銀,二十九、坎為水──水中撈月,三十、離為火──天官賜褔,三十一、澤山咸──山澤通氣,三十二、雷風恆──日月常明,三十三、天山遯──濃雲蔽日,三十四、雷天大壯──先曲後順,三十五、火地晉──鋤地得金,三十六、地火明夷──謹慎保守,三十七、風火家人──鏡中觀花,三十八、火澤睽──兩情相違,三十九、水山蹇──跛腳走路,四十、雷水解──困人出獄,四十一、山澤損──勞心苦戰,四十二、風雷益──枯木開花,四十三、澤天夬──遊蜂脫網,四十四、天風姤──他鄉遇友,四十五、澤地萃──大有斬獲,四十六、地風升──指日高昇,四十七、澤水困──守己待時,四十八、水風井──枯井生泉,四十九、澤火革──憂去喜來,五十、火風鼎──餓人饑食,五十一、震為雷──金鐘夜響,五十二、艮為山──安靜無虧,五十三、風山漸──飄浮不定,五十四、雷澤歸妹──浮雲蔽日,五十五、雷火豐──古鏡重明,五十六、火山旅──先甘後苦,五十七、巽為風──動極思靜,五十八、兌為澤──趁水和泥,五十九、風水渙──隔河望金,六十、水澤節──封神斬將,六十一、風澤中孚──謹慎保守,六十二、雷山小過──過獨木橋,六十三、水火既濟──金榜題名,六十四、火水未濟──憂中望喜,,,,,,,,,,,
釋　：,偉大的天，為君的道。,地的包容，為臣的道。,萌芽，充滿生的艱難。,蒙昧，啟蒙，教育。,躊躇，期待。,爭論，訴訟。,軍隊，戰爭。,相親，相依，依附。,小的蓄積，小的阻礙。,踐履，履行。,亨通，泰平。,閉塞，黑暗。,集結，和同。,大有收穫，偉大的事業。,謙遜的美德。,喜悅，安樂。,隨從，隨機。,腐敗，革新。,迫臨，臨下。,觀看、展示。,咬合，刑罰。,裝飾。,剝落、侵蝕。,復歸，復來。,不虛偽，不往外求。,大蓄，大阻止。,口、供養。修身養性、閉關修練。,大的過度，非常行動。頭重腳輕、太超過。,陷阱，重重險難。,附著，上昇的太陽。,感應，夫婦之道。,恆久、恆常。,退避、隱遁。明哲保身。,壯大、隆盛。,前進、晉升。,光明負傷、韜晦時期。,家庭倫理。,乖離、乖異。不合、不協調、道不同不相為謀。,跛腳走路、困難。,解除困難。緩解、赦免。,減少、損失。,增多，受益。,切斷、決裂。,邂逅、相遇。,聚集。,上昇。,窮困。,水井、用賢。,變革、改革。,食器、養賢。,震動、戒懼。,停止。照護、終養萬物。,漸進。,婚嫁。,盛大。,旅行、不安定。,進入、謙遜。順從、服從。,喜悅、取悅。對談。,渙散。,節制、節約。,心中誠信。,小的過度。,完成。,未完成。,,,,,,,,,,,
初爻：,在潛伏時期，應當隱忍時機，不可妄動。,見微知著的道理。,草創苦難的初期，雖然在躊躇，但也正是建功立業大有為的時期，要正行為才有利。,啟蒙教育，教育開始應當嚴厲，但不可不當，並應當先訂立規範。,在必須等待時期，應保持距離，以策安全，而且要有恆心，意志不可動搖。,告誡爭訟不可拖延過久，應當及早檢討原因，以解釋求得化解。,強調嚴格軍律的重要性。,人與人應該相親相輔，應由誠信開始。,己經在困頓中，應當遵守當初純正的動機。,實踐理想，履行責任，應當一本初衷，特立獨行，不可同流合污。,告誡不可耽於安樂，仍應團結，繼續求發展。,在閉塞時期，小人將得勢，應精誠團結，防範於未然，以君子守份為原則。,說明同心協力首先應打破門戶的成見。,告誡得意容易忘形，不可驕傲，在艱難中才會戒懼。,強調謙虛並非消極的退讓，而是積極有作為。,強調不可獨樂，應當眾樂樂。,追隨應以群眾的利益為依歸，變通而不違背原則。,挽救敗壞的事業，必然是在艱苦中奮鬥。,領導應以人格感召。,觀察不可幼稚，應高瞻遠矚。,對小罪要加以懲罰，以免蔓延成大過。,文飾應恰當，勿過份。,剝落是漸進的。,不要走遠就返回，及早改過，以修身之意，必須及時行動，不可反復矛盾自己的心念及行為。,不虛偽的行必然有利。,大有積蓄，應當適可而止，得意不可再往。,衹羡慕他人的富貴，不知道運用自己的智慧，並不足以富貴，所以凶險。,己面臨非常時期，行動當非常慎重。,已經深陷於險中，謹防不能自拔。,要依附前應先認清對象。,感應己經開始，但還不到積極行動的程度。,雖是正義，但也不可以勉強他人接受。,已是小人得勢之期，應退則退，君子應待機，不可妄動。,要壯大也應當量力，不可妄動，因時機未到。,要前進，必須動機純正，即或失敗，也能坦然。,在面臨正義被殘害的苦難時期，唯有退避韜光養晦以自保，才是有智慧的人。,在家庭中應防患於未然，才能保持和諧。,異中有同，就是正邪之間，也不例外。,不可輕率冒進，否則半途而返，而且有危險。,當困難開始之初，就應當迅速解除，勿使困難擴大。,應損則損，但必須量力、適度。,【佈施】才能得到人民支持，從事偉大事業，但偉大事業必須是善事，才不會有過錯。,決斷小人，先要有萬全準備。,對小人應戒備，在其勢力未形成前就要嚴厲制止。,正當的會聚，不可意志動搖，應當堅定向前。,在昇進中，應追隨志同道合的前輩，才會順利。,己在窮困中，必須明智，極端隱忍，不可浮燥。,不合時宜的人，將被淘汰。,要變革必先鞏固自己，否則提倡變革並無益。,養賢是為了儲蓄人才，以除舊布新。,記取恐懼的教訓，提高警覺，以後才能平安。,停止，應該在未行動之前，才不會失當。,不可勉強，應量力漸進。,名位不當，堅守純正，依然吉祥。,盛大應積極去追求，但應適度。,在不安定中，不可斤斤計較於小節，應當大處著眼。,進進退退，因為憂柔寡斷，心中有疑惑，要像武人般堅決果斷才有利，意志才能堅定不移。,與人和悅，應當光明正大，而非奉承諂媚。,拯救渙散，應在開始時就用積極手段。,首先應自我節制，言語行動應謹慎。,開始應當慎重，一但相信，就不可猜疑。,應知收斂，不可好高騖遠。,當成功之後，更應當慎重，想到一切可能的後果，預先適度節制，也許會有一時的損失，但結果將更圓滿。,在成功最後的關鍵時刻，更應當量力，不可行動過當。,,,,,,,,,,,
二爻：,當偉大人物顯現時，給天下帶來生機與希望，有作為的人，應當擁護與支持，同時本身也應當接近群眾，結合有為的同志。,要直率，方正，寬大，是做人的基本態度。,艱難的困境中，必須意志堅定，不為威武所屈，不被反常的現象動搖。,教育應當包容，有教無類，不可有貧賤富貴之分。,等待，必須忍耐，不可急進，不可被閒言閒語動搖。,不可逞強爭訟，應當退讓深自反省。,統帥者剛毅中庸之道是最重要的。,相親相輔，動機應當純正，應發自內心，要求主動，必然吉祥。,在突破障礙時，應與志同道合者攜手並進，並把握中庸正道的原則。,道不合，不相為謀，應該要有心胸坦蕩擇善固執的態度。,要保持安泰應當包容，果斷，光明磊落，剛柔並濟，把握中庸原則。,在閉塞時期，君子應當覺悟，了解適者生存的道理，自保以等待時機。,應進一步打破宗族觀念。,凡事處處以中道是重要的。,必須動機純正，引起共鳴，才是謙虛。,在安樂中不可沈溺，應保持警覺。,不可貪圖近利，喪失了本份。,挽救敗壞的事業，譴責過去無益，應以中庸為原則，致力於將來。,領導應德威並濟，剛毅是必要的。,觀察不可偏狹。,犯錯如果不是給以相當重的懲罰，將收不到懲誡的效果，即是重罰主義。,在沒有應援時，應當追隨接近有實力的人物。,小人的勢力，愈來愈凶，應該開始有所警覺。,在恢復時期，應當崇尚完美。,不存非分的奢望，即是耕耘並非期望富有，而是盡心盡力，問心無愧。,大有積蓄，更應當機警，當應停止時，即應當斷然停止。,求養必須依循常理，不可違背原則。,在非常時期，不能拘泥常規，應當集結力量，採取非常手段。,在險難中時，不可操之過急，應逐步設法脫險。,要依附應本中正的原則。,雖然發生感應，但不可妄動，不可強求。,必須堅持中庸正道的原則。,應堅定中正的意志。,要壯大，應當中庸，有節制，否則頭大尾小，非善策。,雖然面臨不得前進，也不必憂慮，只要中正，必然有成功之日。,邪惡的殘害己經逼身，應當迅速逃離避難。,主婦應具備柔順謙遜的中正美德性情。,應為權變，主動積極去異中求同。,當陷入危險時，惟有奮不顧身，彼此相救，才不會遺憾終身。,解除困難，須把握中庸正直的原則。,中庸不妄進，堅持正道有利，貪進則凶。,柔順、謙虛、中正、必然得到助益。,決斷小人，應提高警覺，防範反擊。,對小人應防止其影響力擴大，以免其他人被誘惑。,誠信，必然可以聚集。即諸事趁中庸的德性還沒有改變之前，立即給予援引才會吉祥無災難。,在昇進中，必須有誠信，不可拘泥於形式。,過度豐富也會造成困擾，也有得意不可忘形之意。,有賢人在野，但上方沒有援引，無法昇進，即在野有遺賢。,改革必須時機成熟。,養賢，應排除小人。,遭受震驚，堅持中正的原則，就能迅速復原。,應止不止，勉強追隨他人，不會愉快。,漸進應穩當踏實。,遇人不淑，堅守純正，仍然吉祥。,追求盛大，容易迷失，產生猜疑，應以誠信，啟發意志。,轉危為安，必須要有萬全的準備。,謙遜並非自卑。,應以誠信與人和悅，後悔就消失了。,拯救渙散，須先求安定。,過度節制，就會失去時機。,誠信必須能夠溝通，引起共鳴，始能發揮作用。,在消極方面，稍為過度，雖然不能發揮積極的功用，但仍有益。,成功之後，適當節制，也許會有一時的損失，但結果將更圓滿。,在成功的最後關鍵時刻，自我節制的重要。,,,,,,,,,,,
三爻：,在成長時期，羽毛未豐，應當奮發努力，但必須戒慎恐懼，以防災禍。,要含蓄。,應當知機，明辨取捨，不可盲目行動。,教育應堅定信念，不可見異思遷。,愈接近危險的階段，愈應當謹慎，不可妄進，不可急躁，以免自己招禍。,應當知足，不可逞強爭勝，隱忍自勵才是上策。,統帥者不中不正必有嚴重後果，對全體是非常不利的。,相親相輔的對象，應當有所選擇。,在突破阻礙時，應斷然的脫離羈絆。,實踐履行應當量力守分，不可逞強以致適得其反。,注意告誡物極必反，仍應一本初衷，堅守正道。,小人己經顯露了陰險的真面目。,和同，是道義的結合，足以使不義畏懼。,應禮賢下士，不可寵信小人。,謙虛必須有實質，可傲而不傲，才是真正的謙虛。,安樂應得自正當之途徑與心念行為。,追隨的動機應純正。,挽救敗壞的事業，不可剛強過去。,領導不可以用誘騙的手段。,觀察應有主見，不可盲從。,刑罰多少會遇到阻礙，但必須排除挫折。,不要被外表文飾所誘惑、迷失以玫沈溺不能自拔。,在剝落的時刻，不可與小人同流合污。,恢復應當慎重，不可一錯再錯。,不虛偽並不一定就能得到善報。,大有積蓄，再前進必須謹慎，應有及時可以停止的萬全準備。,求養供養必須採取正當的手段。,當在非常時期，必然危機四伏，不可過度自信，失去一切助力。,在重重險難中時，不可妄動，最重要的是應先求自保，靜心以等萬變。,生死是自然的常理，應知天樂命的道理。,應有主見，不可盲從。,沒有恆心，以致不被人容納，故應知自立立人的原則。,注意不可被拖累，故應斷然退避，以免招來小人之傷害。,小人利用他人之勢力壯大自己，君子不會。再三強調做人不可利用他人之勢力壯大，逞強任性，這是非常沒有道德的行為。,計畫要前進，必須以獲得群眾的信賴為前提。,在遭受嚴重的創傷時，應當採取非常行動，才能挽救，但應謹慎。,治家寧可嚴，不可寬。,離而合、合而離，是必然的法則，故當背離的時刻，不可懊悔，應當異中求同，必然合同。,與其冒險，以求倖進，莫如退守，以求安全。,解除困難，名實必須相符，即身份與地位相稱。,損有餘，益不足，三人就要損一人，損一人就得增益一人，即損有餘，益不足的原則。,誠實的求助，並不違背原則，則可以行之。,決斷小人，應隱忍不動聲色，在暗中進行。,即或孤立無援，也不可與小人結伴。,身邊即或有堅強有力的援助者，但如果行為不止，寧可捨棄，而與遠方志同道合不得勢的朋友結交，才會有利。,昇進應當勇往向前，可以放心大膽的前進。,因為僥倖妄進，才會造成窮困。,應當求賢，發掘人才。,改革即或勢在必行，也應極端謹慎，再三考慮。,賢能不被中用時，應堅守正道，終有出頭的時日。,因恐懼而知反省檢討，即可避免災難。,停止不當，以致眾叛親離。,漸進不可剛強過度。,輕佻不足以擔當重任。,因盛大而迷失，造成無可避免的傷害，應當秉持剛正。,必須以謙虛態度，得到一切財力，才能轉危為安。,謙遜並非虛偽。,和悅，不可不當，否則有凶險。,拯救渙散，要先除去私心。,應當節制不能節制，就是自取其咎。,誠信必須堅定不移，否則不知所措。,謹慎不過分，就可以防止，如困屈從，就有被殺害危險，故應當明辨。,強調有功的小人絕對不可以使其在政治上形成勢力。,在成功的最後關鍵時刻，應當慎重的斷然的冒險。,,,,,,,,,,,
四爻：,已經到了躍躍欲試的試鍊階段，決定進退應當謹慎把握最有利的時機。,要收斂。,當進退兩難，抉擇困難時，應當採取積極的態度，惟有結合志同道合者，向前追求，才能使狀況明朗化。,教育不脫離現實，好高騖遠。,己陷入危險，千萬不可逞強，必須順應變化，才能化險為夷。,順其自然，不可勉強，安於正理，則心安理得，亦不會吃虧。,統帥應以安全為首要，不可違背常規。,向外與賢明的人親近才有益。,在突破障礙時，應一本誠信，方可得到應援。,戒慎恐懼，以柔克剛的法則，才能施展抱負。,告誡居安思危，仍應團結，不可掉以輕心。,君子要排除人的勢力，必須因應時機精誠團結。,和同代表正義，必然可使邪惡屈服。,應自我節制，否則有災禍降臨。,謙虛的效用，無往不利。,必須誠信，精誠團結，才有安樂。,應當誠信、守分，而且明辨進取的道理。,挽救敗壞的事業，必須徹底，不可過於寬容。,領導應用賢能的人與智慧。,應觀察民性，了解民情疾苦。,強調懲罰的困難，必須冷靜果斷，堅守正道，不可輕率。,在達不到願望，一時遭到挫折時，只要堅持初衷，最後仍然不會怨尤。即文飾重實效，不在一時的得失。,小人的凶險行為己經臨身，沒有閒暇討論是邪是正，所以直接說凶。,在恢復時期，吉凶未定，必須堅持原則，為所當為，不該為而不可為。,剛健無私才是真正的不虛偽。,最有效的阻止是止於未然。,求養只要光明正大，不妨取之於民，用之於民。,非常行動，固然需要一切的助力，但也不可被邪惡牽累。,險難中，應剛柔並濟，坦誠來往，必然有益。,要依附不可乘人之危，採取脅迫的手段。,應消除私心，心地正大光明，就不會有任何猶豫。,強調正義的重要。,時機已過不可眷戀，應當斷退避，否則身敗名裂，是得不償失。,要壯大，更要堅持純正。,不可倖進，不可貪得無厭，否則失敗在眼前。,最危險的場所，也最安全的道理。,理家應順從本份。,互信是異中求同的根本。,冒險犯難，應當結合同志，充實力量。,除惡務盡，才能得到君子的信任與支持。,以損益，行動必須迅速，即有病早治有益。,中庸是獲得助益的條件。,決斷小人，即不遲疑，也不可衝動。,包容才能得到廣大的支持。,動機不純正時，無法使結果盡善盡美。,祭祀是應當的事，順著應當做的事做，必然吉祥，沒有災難，即順從正當的途徑升進。,解救窮困，不可操之過急，應當量力審慎行動。,賢者應修充實，以等待時機。,改革者的性格、時間、因素，以及首先贏得群眾信賴，即天時、地利、人和的重要性。,應知人善用，小人不可以擔當重任。,必須發揮剛毅的力量，才能經得起震撼。,應當知機，自我約束，適可而止。,漸進應當因應狀況，才能安全。,要選擇正當的對象。,因盛大而迷失，應主動結合志，突破黑暗。,強調安定必須正當。,謙遜應當正當。,和悅並非鄉愿，應斷然去惡，必有喜慶之象。,拯救渙散，應消除派系，促成團結。,節制應順其自然，不可勉強。,誠信應選擇對象，即斷絕無能的夥伴，追隨有智慧、有賢德、有誠信的偉大人物，才會沒有災難。,剛與柔、過與斂，必須因應變通，不可固執。,成功不可自滿，更應當戒慎恐懼，時刻戒備。,在成功的最後關鍵時刻，必須堅持，奮發努力。,,,,,,,,,,,
五爻：,已經到了大展鴻圖的極盛時期，應當選賢與能，賢能也應當支持擁護。,要謙遜。,在孤立無援時，應當退守自保，不可逞強冒進。,強調教學都應當謙遜。,在可以安全等待的狀況時，仍然不可逞強而違背中正原則，更應期待、等待，否則仍有危險。,裁判訴訟，應以至中至正為根本，尤其應該客觀，不可偏私。,統帥權統一是成功的重要關鍵。,堅守來者不拒，去者不留，順其自然，合乎中庸正道，態度寬宏無私，至仁至義的態度，地方上的人們，就不會恐懼戒慎，則吉祥。,只要排除私欲，有攜手共進的誠信，不但自己富有，也要使鄰居富有，能得到鄰居的協助。,告誡人正處於有才能，又有地位，不可剛愎一意孤行，過於自負，必有危險性。,在安泰時期，更應當選賢與能。,排除小人勢力的時機己經到來，但仍應謹慎從事，警惕反擊。,和同仍須排除障礙，必要時不惜用強，先苦而後能甘。,應以誠信為本，恩威並濟。,用兵是為了征伐不服的人，不能以德服其人，故不得己只有使用武力。,樂而不可忘憂，中庸、堅守純正，可避免滅亡。,應當擇善追隨。,挽救敗壞的事業，必須用賢能的人與智慧。,領導要以智慧運用組織。,應當視察自己的作為，檢討反省，而後懺悔。,懲罰為不得己的手段，必須剛柔並濟，中而且正。,強調文飾重實質，不可虛偽。,剝落的時刻，無可救藥，惟有期待小人改過從善。,恢復必須善固執。,不造作就是不虛偽。,有效的阻止，應當正本清源，與其無所生是上策。,求養只要心念動機純正，甚至可以權宜行事。,非常行動，手段仍應當正當，不可違背人倫天理。,雖然有希望脫險，也應把握最有利的時機。,要依附應當警愓，運用柔而中的原則。,孤僻是無法與外物感應溝通的。,由於立場不同，即應堅持的德行也不同。,不能擺脫世俗，就應剛毅，中正隱遁於世俗中。,又進入物極必反，其所壯大己經開始衰退，不可能再積極向前看，故應反看。,光明磊落，不計較得失，前進必然有利。,愈在黑暗的時刻，愈應當堅持正義，明辨是非。,一家應相親相愛，和睦共處。,合同就能產生力量。,德不孤，必有鄰，得道者得多人之相助。,君子勢長，小人必然勢消。,柔順謙虛中正的人，當會得到大多數人的支持，故吉利。,對人民布施恩惠，人民也回報，自己也有收穫。,決斷小人，最理想的手段，是以感化方式，使其改過遷善為吉。,陰陽消長為必然的法則，不可違背身隱忍以掌握最有利的時機。,以德服眾，才能使萬民歸心。,要用賢，才能得到有利的輔助，當然可以順利昇進。,要有經得起考驗的堅定意志。,應當使賢人為全民造福。,變革必須徹底，而非修飾，並且再三強調，必須得群眾的信賴與支持，才會作功。,剛毅的臣，得到明智的君，才能相得益彰。,當震驚發生時，堅持中庸原則，不偏不倚，可使損害減少到最低程度。,言語，也應當適可而止。,在漸進中，也難免會有障礙，但邪不能勝正。,高貴的品德，比虛榮重要。,追求盛大，必須用賢。,求安定應不計一時的得失，要有光明磊落的態度。,謙遜是事前周詳叮嚀，事後檢討得失的慎重態度。,剛正也難免被小人包圍，故有危險。,拯救渙散，應排除私利，為公眾造福。,節制應以中正的德行，以身作則，倡導於先，才能使人人樂於接受，而能有所作為。,彼此誠信，才能相得益彰。,過度強求，不足以成大事。,成功不可自滿，應當一本初衷，繼續發努力，才能保全既有的成就。,在成功的最後關鍵時刻，更應當明智、中庸、誠信、謙虛、以號召賢能，鞏固團結，而終底於成。,,,,,,,,,,,
上爻：,盛極而衰，是大自然的法則，應當警愓與節制。,極端陰柔，是沒有主見，必然凶險。,不能獲得應援，以致陷於進無可取，退無可守的絕境時，故會憂懼，血淚漣漣。,要以剛強的態度，防止外來的邪惡、思想及行為，對教導與被教導的人都有利。故只宜對外不宜對內。,以柔制剛，以誠意對待，則不會有大損失。,告誡以爭訟達到目的，也不足以持久，而且不會受人尊敬，雖勝亦可恥，故人與人之間，能以和為貴者，其褔分綿遠。,小人不可以重用，因為必定會使國家或團體陷於混亂，故小人不可使其形成政治勢力。,相親相輔，應貫徹始終，才會有好結果。,再以盈滿告誡，蓄積應當適可而止，不可貪得無厭，否則仍然阻礙重重，最後落眾叛親離。,要大吉大利必須看踐履是否圓滿，而沒有瑕疵者，必得福慶。故告誡成敗的評價在結果。,泰極而否，頹勢己經顯見，只可消極的使損害減少到最低限度，不可逞強力圖挽救。,否極必然泰來。,和同應本積極的態度，但也並非同流合污。,應有滿而不溢的修養。,將謙虛的功效，發揮到政略，戰略的運用上，然而，也強調謙虛必須以力量為後盾，才能有積極的作為。,強調樂極生悲，應有行動，時時求變，才可以保持長久。,至誠團結才會有鞏固的根本。,應有隱士般高尚的氣節，堅持自己的原則。,領導應當敦厚，不可刻薄。,說明在上者時刻都被注目，不可掉以輕心，應該言行合一。,告誡犯罪到了氾濫的程度，必然凶險。,領悟一切，放棄虛飾，悠然自得。即強調一切文飾，都是空虛，應當返璞歸真。,在剝落的時刻，唯有支持君子，才能得救。,大勢己經到恢復時期，如果依然執迷不悟，必然凶險。,不逞強也是不虛偽。,最有效的阻止方法，是不阻止，而是疏通，以達到圓滿。,供養是善行，值得冒險。,非常行動，往往明知不可為，而不得不有所為，以致覆滅，這也是無奈的，故應當三思而後行，以免造成無法彌補的過失。,在險難時輕舉妄動，必然愈陷愈深，就無以自拔了，慎之。,邪惡應當斷然的排除，但只殺首惡，不究附從。,應當以至誠感應，不可玩弄口舌。,正義極端恆久，違背常理，以致不能安定，故應以中庸正道為原則。,達到超越世俗，置身世外的地位，又剛健，下面沒有相互拖累，進退沒有牽掛，所以能夠悠然自得，安度隱遁的生活，沒有任何的不利與疑慮。這才是大智慧的賢者，否則仍是凡夫而已。,己經進入既不能進又不能退的地步，就應當及時覺悟，艱難己經到來，力求自保以待機，此段時間只有知足常樂，不可貪取妄求，應該靜下心來反省檢討以往之過失並懺悔，才是上策。,前進必須要有妥善的策劃，更要謹慎的實施，否則若等到發生偏差時再來改正，即或不失敗，也是恥辱。,開始登上像君王一般高的地位時，雖然光芒四射，照耀各方，威風凜凜，可是最後墜落到地中，其原因是因為違背了正義的原則，終於要滅亡，這是天理也。,治家的基本原則，在誠信與威嚴。,猜疑是合同的大敵，是以彼同也變成異，合也變成離，不能不警愓。,克服困難，應當與賢能結合。,對邪惡應採取斷然手段。,損益完全依狀況而定，應損則損，應益則益，才能使人民心悅誠服。,凡事不可貪得無厭。,小人遲早會被決斷，不能長存的。,嚴厲排斥小人，雖然偏狹，但卻安全。,若違背以上之原則而被群眾遺棄時，應當反省不可怨天尤人。,昇進必須有節制，否則後力不繼。,解除窮困，手段不正，反而愈陷愈深，必須及時反省，否則永無翻身之日。,當賢者在位時，應當為民服務。,變革成功以後，上下應當先洗面革心，並且與民休息，以適應新的生活。,剛柔兼備，無往不利。,他處遭受震驚，自己知道警覺，就可防患未然。,應止於至善，最後的堅持最重要。,超脫於世俗之外，即可進退由心。,缺乏品德，結果不會美滿，即有名無實。,告誡因盛大而迷失，終究完全被閉塞。,求安定必須柔順，不可驕傲。,謙遜應當恰如其份，不可過度。,小人不擇手段取悅於人的危險，必須戒懼。,拯救渙散，應除害。,過度節制，會造成反效果。,不可因誠信就孤高閉塞了自己。,極端過度，必然招致災禍。,不可被成功沖昏了頭，盲目衝進，招致危險。,應有盡人事，聽天命，成功不必在我的胸襟。,,,,,,,,,,,
,,,,,,,,,,,,,,,,,,,,,,,,,,,,,,,,,,,,,,,,,,,,,,,,,,,,,,,,,,,,,,,,,,,,,,,,,,,
,五路財神經：,五路財神經：,五路財神經：,五路財神經：,五路財神經：,五路財神經：,五路財神經：,五路財神經：,五路財神經：,五路財神經：,五路財神經：,五路財神經：,五路財神經：,五路財神經：,五路財神經：,五路財神經：,五路財神經：,五路財神經：,五路財神經：,五路財神經：,五路財神經：,五路財神經：,五路財神經：,五路財神經：,五路財神經：,五路財神經：,五路財神經：,五路財神經：,五路財神經：,五路財神經：,五路財神經：,五路財神經：,五路財神經：,五路財神經：,五路財神經：,五路財神經：,五路財神經：,五路財神經：,五路財神經：,五路財神經：,五路財神經：,五路財神經：,五路財神經：,五路財神經：,五路財神經：,五路財神經：,五路財神經：,五路財神經：,五路財神經：,五路財神經：,五路財神經：,五路財神經：,五路財神經：,五路財神經：,五路財神經：,五路財神經：,五路財神經：,五路財神經：,五路財神經：,五路財神經：,五路財神經：,五路財神經：,五路財神經：,五路財神經：,,,,,,,,,,,
,　乾宮三陽無量光、乾宮八卦藏天機,　坤宮大地無邊際、坤宮八卦載萬物,　坎宮法語如甘露、水雷屯卦多積徳,　離宮日出照虛空、山水蒙卦從教育,　坤宮大地無邊際、水天需卦修智慧,　離宮日出照虛空、天水訟卦勿爭訟,　坎宮法語如甘露、地水師卦修組織,　坤宮大地無邊際、水地比卦相親輔,　巽宮氣流悅心田、風天小畜勿貪求,　艮宮華嚴性本然、天澤履卦修禮節,　坤宮大地無邊際、地天泰卦勤修心,　乾宮三陽無量光、天地否卦智要開,　離宮日出照虛空、天火同人仙指路,　乾宮三陽無量光、火天大有大成就,　兌宮法海浪如山、地山謙卦謙者賢,　震宮法音喚覺性、雷地豫卦修善行,　震宮法音喚覺性、澤雷隨卦宜隨緣,　巽宮氣流悅心田、山風蠱卦修實在,　坤宮大地無邊際、地澤臨卦修仁德,　乾宮三陽無量光、風地觀卦多觀察,　巽宮氣流悅心田、火雷噬嗑勿貪心,　艮宮華嚴性本然、山火賁卦多讀書,　乾宮三陽無量光、山地剝卦修漸進,　坤宮大地無邊際、地雷復卦心要定,　巽宮氣流悅心田、天雷无妄宜守成,　艮宮華嚴性本然、山天大畜要魄力,　巽宮氣流悅心田、山雷頤卦訪賢人,　震宮法音喚覺性、澤風大過多夢幻,　坎宮法語如甘露、坎宮八卦忌妄動,　離宮日出照虛空、離宮八卦光明天,　兌宮法海浪如山、澤山咸卦家團圓,　震宮法音喚覺性、雷風恆卦日月明,　乾宮三陽無量光、天山遯卦修隱忍,　坤宮大地無邊際、雷天大壯要恆心,　乾宮三陽無量光、火地晉卦勿倖進,　坎宮法語如甘露、地火明夷自精進,　巽宮氣流悅心田、風火家人鏡中花,　艮宮華嚴性本然、火澤睽卦修中道,　兌宮法海浪如山、水山蹇卦要量力,　震宮法音喚覺性、雷水解卦煩惱除,　艮宮華嚴性本然、山澤損卦勞心力,　巽宮氣流悅心田、風雷益卦修施捨,　坤宮大地無邊際、澤天夬卦遊法海,　乾宮三陽無量光、天風姤卦遇貴人,　兌宮法海浪如山、澤地萃卦修肚量,　震宮法音喚覺性、地風升卦旭日升,　兌宮法海浪如山、澤水困卦修忍辱,　震宮法音喚覺性、水風井卦善用賢,　坎宮法語如甘露、澤火革卦修改革,　離宮日出照虛空、火風鼎卦守律法,　震宮法音喚覺性、震宮八卦徹虛空,　艮宮華嚴性本然、艮宮八卦華嚴性,　艮宮華嚴性本然、風山漸卦勿急進,　兌宮法海浪如山、雷澤歸妹修品德,　坎宮法語如甘露、雷火豐卦開心智,　離宮日出照虛空、火山旅卦甘後苦,　巽宮氣流悅心田、巽宮八卦修謙遜,　兌宮法海浪如山、兌宮八卦藏法海,　離宮日出照虛空、風水渙卦修戒貪,　坎宮法語如甘露、水澤節卦宜節制,　艮宮華嚴性本然、風澤中孚宜誠信,　兌宮法海浪如山、雷山小過慎己修,　坎宮法語如甘露、水火既濟修大智,　離宮日出照虛空、火水未濟待時機,,,,,,,,,,,
,,,,,,,,,,,,,,,,,,,,,,,,,,,,,,,,,,,,,,,,,,,,,,,,,,,,,,,,,,,,,,,,,,,,,,,,,,,
,七十二天師：,七十二天師：,七十二天師：,七十二天師：,七十二天師：,七十二天師：,七十二天師：,七十二天師：,七十二天師：,七十二天師：,七十二天師：,七十二天師：,七十二天師：,七十二天師：,七十二天師：,七十二天師：,七十二天師：,七十二天師：,七十二天師：,七十二天師：,七十二天師：,七十二天師：,七十二天師：,七十二天師：,七十二天師：,七十二天師：,七十二天師：,七十二天師：,七十二天師：,七十二天師：,七十二天師：,七十二天師：,七十二天師：,七十二天師：,七十二天師：,七十二天師：,七十二天師：,七十二天師：,七十二天師：,七十二天師：,七十二天師：,七十二天師：,七十二天師：,七十二天師：,七十二天師：,七十二天師：,七十二天師：,七十二天師：,七十二天師：,七十二天師：,七十二天師：,七十二天師：,七十二天師：,七十二天師：,七十二天師：,七十二天師：,七十二天師：,七十二天師：,七十二天師：,七十二天師：,七十二天師：,七十二天師：,七十二天師：,七十二天師：,,,,,,,,,,,
,　都天天師貫古今，祖德流芳萬萬年，,　都地天師潤人民，衣食豐饒永無虧，,　水雷天師萌生機，耐心修心發善心，,　山水天師教育家，有教無類皆平等，,　水天天師甘露霖，滋生養靈養自心，,　天水天師大慈悲，不忍眾生苦難受，,　地水天師修好合，能饒人時得饒人，,　水地天師相親輔，友愛誠信不欺凌，,　風天天師雲漸開，無影無遮光明來，,　天澤天師潤無邊，法筵如海普三千，,　地天天師天地交，喜報三元福延年，,　天地天師法無邊，光明不交地獄靈，,　天火天師照無碍，光芒四射天門開，,　火天天師滿天紅，光明無遮原來空，,　地山天師謙為上，勿忘山高山外人，,　雷地天師如青龍，一耀直上達雲霄，,　澤雷天師最精進，足涉污泥隨緣墜，,　山風天師內外異，外美內醜如蠱蟻，,　地澤天師如君臨，堂前萬民相拱扶，,　風地天師行萬里，暢行無阻觀民情，,　火雷天師居首位，柔中帶剛不離心，,　山火天師重內涵，表面裝身紙包火，,　山地天師勿貪進，知心知性勿攀緣，,　地雷天師勤修忍，一陽五陰好修行，,　天雷天師耀東北，電光通天南門角，,　山天天師最超凡，雲高深處不知寒，,　山雷天師勸世人，渭水訪賢多學道，,　澤風天師默默行，暢行法界無人認，,　都水天師潤萬物，不分貧富與貴賤，,　都火天師大慈悲，陽光普照大地春，,　澤山天師天竅穴，頂首光明無等輪，,　雷風天師光芒照，雨水交加不傷人，,　天山天師人撐天，左指天上見光明，,　雷天天師性如光，嫉惡如仇天地通，,　火地天師如淨土，凡塵雜草化琉璃，,　地火天師漸漸明，晦暗韜明不急進，,　風火天師一家春，六親堅守自分明，,　火澤天師歸自性，彌陀眾生兩界清，,　水山天師路難行，不貪不取身自輕，,　雷水天師最殊勝，滋潤萬物日日長，,　山澤天師損益平，有施有捨方有得，,　風雷天師利人天，布施三寶修善行，,　澤天天師無濁氣，身淨性淨真稀奇，,　天風天師雲無遮，萬里無雲見佛迹，,　澤地天師藏玄機，墾山鑿地成蓮池，,　地風天師如日昇，曙光升高放光明，,　澤水天師清中濁，法寶大道妙法好，,　水風天師古泉生，妙智妙用生妙法，,　澤火天師妙無邊，空中妙有實難言，,　火風天師滅塵埃，法界萬靈隨法開，,　都雷天師喚民心，法語滿天渡眾靈，,　都山天師堅如山，自性莊嚴如華嚴，,　風山天師遊法界，上下一炁益眾生，,　雷澤天師度有緣，回歸淨土西方境，,　雷火天師文昌公，智慧普照路一生，,　火山天師焚塵土，凡事慎重無諸苦，,　都風天師來如風，掃除業障禍不逢，,　都澤天師承萬生，滋生潤草亦濟靈，,　風水天師大慈悲，王侯將相須要伊，,　水澤天師如封神，斬妖除魔伏自身，,　風澤天師守誠信，不欺自心欺他心，,　雷山天師慎己修，天理彰顯無私偏，,　水火天師好修行，名利虛假宜認清，,　火水天師最調和，陰陽南北無差錯，,,,,,,,,,,,
,　天地立極是唯心，十道天心放光明。,　法雨長青無旱象，五穀豐登太平年。,　亂絲無頭慢思慮，用智用心厄皆除。,　宿世親友有情深，啟蒙事業最有恆。,　法雨加持永不停，啟示法輪漸漸興。,　甘露天降適天機，化解眾怨名天師。,　勿結惡緣惟上策，留得退路保無憂。,　人我相信諸緣生，共渡苦厄禍不侵。,　凡塵百事由身惹，放下惡念無罣碍。,　天光澤平映法界，見性自知証如來。,　認清自我修多少，保爾平安太平年。,　若有天地人立中，陰陽扭轉天地泰。,　南方大武卑南裁，方証萬靈崑崙來。,　一塵不染名清淨，原來法海性真空。,　自心內觀保安康，佛智生輝生此心。,　妙智聖心行善道，有恆善人必光明。,　若未識得真煩惱，何來煩惱証大道。,　木腐肉蝕自不知，敗露之時時晚矣。,　勿忘居高有危險，堅守臣位永無憂。,　生死有命各自修，富貴榮華了分明。,　頂上光明照清性，法緣無盡古至今。,　一旦紙破火舌出，蔓衍祖德最羞恥。,　踩穩堅石再昇前，萬丈山崕有何干。,　人人相處宜和睦，夫妻有情一家春。,　雙龍抱珠北極天，陰陽兩界本牽連。,　雖高無智有災難，速回本位基礎安。,　自我貢高最可憐，放下傲性可登天。,　只緣高山不知深，萬法行通如來境。,　平等甘露潤生機，調和生存滿滿是。,　有情無情從不分，只緣心善自光明。,　光中化佛無等數，佛智光明照天堂。,　堅心修行無差池，一超直上居天庭。,　右指天地皆調和，離世諸苦見彌陀。,　善人相助惡人去，堅守正念可成功。,　逆境精進必有福，指日可見極樂國。,　內修光明根為上，根旺莖強永不敗。,　父慈子孝家圓滿，幸福光明笑哈哈。,　有修無碍心安靈，無修煩惱染自性。,　一路盡頭方頓悟，修行生智永光明。,　眾生解除往昔苦，方証風水世間寶。,　勞辛苦戰有原因，無智不修苦年年。,　財施法施歡喜施，利人利己菩薩埵。,　雲游法界任汝去，遊蜂脫網消遙時。,　佛顏慈祥印心曹，証道見性剎那間。,　浮水蓮台滿滿是，家家有佛真妙理。,　萬物希望展生機，急功好義毋太急。,　財子兩全先修道，一日真証淨土果。,　甘泉滋潤我心田，堅定信心福綿綿。,　習性不淨難調理，惟心是宗萬萬年。,　心開意解無懷疑，自有貴人天上來。,　法脈如雷貫天耳，開法開悟自清靈。,　毅力不搖配天地，堅心精進登佛位。,　風大山在樹花開，滿山白花雪花齋。,　見佛見親悟凡心，原來天地一家親。,　自心自淨自精進，觀心自照自光明。,　堅心奉行諸善道，苦厄不染無操勞。,　人物仰仗風神力，自在長生並健康。,　腹大如海妙蓮台，苦樂無分大自在。,　販夫走卒不分離，堅守大愛萬萬年。,　三業無智必有錯，五關六將關關過。,　如履薄冰慎修行，六道不侵見自信。,　行善成佛惡墮落，天上地上一念間。,　反省懺悔往昔錯，當下見性幸福臨。,　若有凡夫悟此理，眼見耳聞皆是好。,,,,,,,,,,,
,　(男)天德天師德滿天，常臥法界法平等，(女)天樞天師轉天盤，七星墜地照三千，,　地坤天師度量大，山河大海皆包容，,,,,,,,,,,,,,,,,,,,,,,,,,,,　水坎天師多坎坷，宿世因果自牽連，,　火炎天師天官賜，離塵昇華福滿盈，,,,,,,,,,,,,,,,,,,,,,　雷震天師聲通天，金鍾夜響億萬年，,　艮山天師是華嚴，自性如山自清榮，,,,,,　風巽天師急風行，掃除塵埃成淨土，,　兌悅天師說萬法，口出蓮花利眾生，,,,,,,,,,,,,,,,,,
,　　　一畫開天二畫地，立基天下定太平。　　法脈延年古今天，吉凶禍福自因緣。,　萬生萬物藉此生，祖孫同堂卜其昌。,,,,,,,,,,,,,,,,,,,,,,,,,,,　怨命怨天無利益，修口修心厄不臨。,　三毒遠離苦不侵，心量包容照天明。,,,,,,,,,,,,,,,,,,,,,　隂晴日月無休止，直指人心見真性。,　土石堅硬如金剛，信念信心本如山。,,,,,　無染塵埃心自淨，和悅人間最光明。,　有緣有情皆說法，珍重生命登蓮池。,,,,,,,,,,,,,,,,,
,　　  ,,,,,,,,,,,,,,,,,,,,,,,,,,,,,,,,,,,,,,,,,,,,,,,,,,,,,,,,,,,,,,,,,,,,,,,,,,
,序卦傳：,序卦傳：,序卦傳：,序卦傳：,序卦傳：,序卦傳：,序卦傳：,序卦傳：,序卦傳：,序卦傳：,序卦傳：,序卦傳：,序卦傳：,序卦傳：,序卦傳：,序卦傳：,序卦傳：,序卦傳：,序卦傳：,序卦傳：,序卦傳：,序卦傳：,序卦傳：,序卦傳：,序卦傳：,序卦傳：,序卦傳：,序卦傳：,序卦傳：,序卦傳：,序卦傳：,序卦傳：,序卦傳：,序卦傳：,序卦傳：,序卦傳：,序卦傳：,序卦傳：,序卦傳：,序卦傳：,序卦傳：,序卦傳：,序卦傳：,序卦傳：,序卦傳：,序卦傳：,序卦傳：,序卦傳：,序卦傳：,序卦傳：,序卦傳：,序卦傳：,序卦傳：,序卦傳：,序卦傳：,序卦傳：,序卦傳：,序卦傳：,序卦傳：,序卦傳：,序卦傳：,序卦傳：,序卦傳：,序卦傳：,,,,,,,,,,,
,　有天地，然後萬物生焉，盈天地之間者唯萬物。,　有天地，然後萬物生焉，盈天地之間者唯萬物。,　屯者，盈也；屯者，物之始生也。,　物生必蒙，故受之以蒙。蒙者，蒙也，物之穉也。,　物穉不可不養也，故受之以需。需者，飲食之道也。,　飲食必有訟，故受之以訟。,　訟必有眾起，故受之以師。師者，眾也。,　師者，眾也。眾必有所比，故受之以比。比者，比也。,　比者，比也。比必有所畜，故受之以小畜。,　物畜然後有履，故受之以履。,　履而泰，然後安，故受之以泰。泰者，通也。,　泰者，通也。物不可以終通，故受之以否。,　物不可以終否，故受之以同人。,　與人同者，物必歸焉，故受之以大有。,　有大者不可以盈，故受之以謙。,　有大而能謙，必豫，故受之以豫。,　豫必有隨，故受之以隨。,　以喜隨人者必有事，故受之以蠱。蠱者，事也。,　蠱者，事也。有事而後可大，故受之以臨。臨者，大也。,　臨者，大也。物大然後可觀，故受之以觀。,　可觀而後有所合，故受之以噬嗑。嗑者，合也。,　嗑者，合也。物不可以苟合而已，故受之以賁。賁者，飾也。,　賁者，飾也。致飾然後亨，則盡矣，故受之以剝。剝者，剝也。,　剝者，剝也。物不可以終盡，剝窮上反下，故受之以復。,　复則不妄矣，故受之以無妄。,　有無妄然後可畜，故受之以大畜。,　物畜然後可養，故受之以頤。頤者，養也。,　頤者，養也；不養則不可動，故受之以大過。,　物不可以終過，故受之以坎；坎者，陷也。,　坎者，陷也。陷必有所麗，故受之以離。離者，麗也。,　男女之道，不能無感也，故受之以咸。咸者，感也。相感則為夫婦。,　咸者，感也，相感則為夫婦，夫婦之道不可以不久也。,　恆者，久也。物不可以久居其所，故受之以遯。遯者，退也。,　遯者，退也；物不可以終遯，故受之以大壯。,　物不可以終壯，故受之以晉。晉者，進也。,　晉者，進也；進必有所傷，故受之以明夷。夷者，傷也。,　夷者，傷也；傷於外者必反其家，故受之以家人。,　受之以家人。家道窮必乖，故受之以睽。睽者，乖也。,　睽者，乖也；乖必有難，故受之以蹇。蹇者，難也。,　蹇者，難也。物不可終難，故受之以解。解者，緩也。,　解者，緩也；緩必有所失，故受之以損。,　損而不已必益，故受之以益。,　益而不已必決，故受之以夬。夬者，決也。,　決必有所遇，故受之以姤。姤者，遇也。,　姤者，遇也。物相遇而後聚，故受之以萃。萃者，聚也。,　萃者，聚也。聚而上者謂之升，故受之以升。,　升而不已必困，故受之以困。,　困乎上者必反下，故受之以井。,　井道不可不革，故受之以革。,　革物者莫若鼎，故受之以鼎。,　主器者莫若長子，故受之以震。震者，動也。,　震者，動也。物不可以終動，止之，故受之以艮。艮者，止也。,　艮者，止也。物不可以終止，故受之以漸。漸者，進也。,　漸者，進也。進必有所歸，故受之以歸妹。,　得其所歸者必大，故受之以豐。豐者，大也。,　豐者，大也。窮大者必失其居，故受之以旅。,　旅而無所容，故受之以巽。巽者，入也。,　巽者，入也。入而後說之，故受之以兌。兌者，說也。,　兌者，說也。說而後散之，故受之以渙。渙者，離也。,　渙者，離也。物不可以終離，故受之以節。,　節而信之，故受之以中孚。,　節而信之，故受之以中孚。有其信者必行之，故受之以小過。,　受之以節。節而信之，有其信者必行之，故受之以小過。,　有過物者必濟，故受之既濟。物不可窮也，故受之以未濟終焉。,,,,,,,,,,,
,,,,,,,,,,,,,,,,,,,,,,,,,,,,,,,,　故受之以恆。恆者，久也。,,,,,,,,,,,,,,,,,,,,,,,,,,,,,,,　有過物者必濟，故受之既濟。,,,,,,,,,,,,
,唯心用易歌訣：,唯心用易歌訣：,唯心用易歌訣：,唯心用易歌訣：,唯心用易歌訣：,唯心用易歌訣：,唯心用易歌訣：,唯心用易歌訣：,唯心用易歌訣：,唯心用易歌訣：,唯心用易歌訣：,唯心用易歌訣：,唯心用易歌訣：,唯心用易歌訣：,唯心用易歌訣：,唯心用易歌訣：,唯心用易歌訣：,唯心用易歌訣：,唯心用易歌訣：,唯心用易歌訣：,唯心用易歌訣：,唯心用易歌訣：,唯心用易歌訣：,唯心用易歌訣：,唯心用易歌訣：,唯心用易歌訣：,唯心用易歌訣：,唯心用易歌訣：,唯心用易歌訣：,唯心用易歌訣：,唯心用易歌訣：,唯心用易歌訣：,唯心用易歌訣：,唯心用易歌訣：,唯心用易歌訣：,唯心用易歌訣：,唯心用易歌訣：,唯心用易歌訣：,唯心用易歌訣：,唯心用易歌訣：,唯心用易歌訣：,唯心用易歌訣：,唯心用易歌訣：,唯心用易歌訣：,唯心用易歌訣：,唯心用易歌訣：,唯心用易歌訣：,唯心用易歌訣：,唯心用易歌訣：,唯心用易歌訣：,唯心用易歌訣：,唯心用易歌訣：,唯心用易歌訣：,唯心用易歌訣：,唯心用易歌訣：,唯心用易歌訣：,唯心用易歌訣：,唯心用易歌訣：,唯心用易歌訣：,唯心用易歌訣：,唯心用易歌訣：,唯心用易歌訣：,唯心用易歌訣：,唯心用易歌訣：,,,,,,,,,,,
,　乾卦財外莫遠求，勞心用智忌高估,　坤卦萬法悉歸藏，有財有福勤自耕,　水雷屯卦最艱苦，亂絲無頭勿急求,　山水蒙卦求財難，商場矇矓見不堪,　水天需卦天地財，手提皮包四處求,　天水訟卦多爭訟，破財多端全是非,　地水師卦宜團結，精誠所至財必來,　水地比卦要相親，財官相輔不如心,　風天小畜有雙財，四庫日月最堪栽,　天澤履財不明，步步謹慎正是根,　地天泰卦修行好，四庫無財亥子有,　天地否卦不交心，有財無庫慎己行,　天火同人仙指路，謹言慎行立秋財,　火天大有金滿堂，勤修勤讀智慧專,　地山謙卦謙者賢，修齋祈福保家康,　雷地豫卦財子壽，福分綿綿皆可求,　澤雷隨卦真辛苦，有財無庫自己度,　山風蠱卦財無庫，是非多端防爭訟,　地澤臨卦財生我，亥子季節見真財,　風地觀卦多觀察，有財無庫莫遠求,　火雷噬嗑人饑食，投資錢財路不歸,　山火賁卦重文飾，雙財無庫官非至,　山地剝卦步步艱，有財有庫勿攀緣,　地雷復卦重頭來，一五亥子是正財,　天雷無妄宜守分，四庫有財秋破財,　山天大畜陣勢開，一五財神亥子來,　山雷頤卦財無庫，四庫日月財神到,　澤風大過多美夢，天地有財四庫來,　坎卦水中撈明月，求財求貴皆白費,　離卦火炎燒財寶，經商投資勿顛倒,　澤山咸卦好修行，寅申酉月防失財,　雷風恆卦有財庫，心正念正財多多,　天山遯卦隱山林，無財無庫莫貪求,　雷天大壯曲後順，求財難得終無緣,　火地晉卦財無庫，大做少收虧成本,　地火明夷見光明，財伏難求勿強求,　風火家人亨財福，家和萬事皆如意,　火澤睽卦多反目，求財不得惹是非,　水山蹇卦修忍辱，兄弟義氣損財帛,　雷水解卦財庫天，四庫子午財連連,　山澤損卦心苦戰，有財無庫防破財,　風雷益卦是枯木，細心經商不託人,　澤天夬卦遊四方，雙財立冬運漸通,　天風姤卦貴人多，勞心勞力遊他鄉,　澤地萃卦要勤耕，天上賜財有福人,　地風升卦旭日昇，不急不躁四庫盈,　澤水困卦財庫全，五月有災八月來,　水風井卦居財位，經商投資重規範,　澤火革卦多耗財，勞勞碌碌財不來,　火風鼎卦財多多，卯酉有財雙喜臨,　震卦雙財雷大聲，寅申雷大會傷人,　艮卦如山修靜心，安靜無虧財清明,　風山漸卦慢慢南，有庫無財莫急求,　雷澤歸妹如浮雲，有財無庫多費心,　雷火豐卦鏡重明，充實智慧才聰明,　火山旅卦甘後苦，勤耕秋收財豐富,　巽卦如風空白忙，精打細算智為先,　兌卦修口勿妄語，財在他鄉莫遠求,　風水渙卦白日夢，無財無庫空勞碌,　水澤節卦財持世，春夏財旺靠智慧,　風澤中浮卦誠信，無財無庫勿強求,雷山小過最可憐，孤木難行又多險,　水火既濟卦無財，讀書智慧最殊勝,　火水未濟到山頂，一生辛苦終修行,,,,,,,,,,,
,　寅卯日月財可得，申酉四庫空操勞,　心量寬大防四庫，金木相剋亂糟糟,　有庫無財辰戌非，子午日月拖下水,　財伏劫神天地間，多讀聖書可心安,　天庫不開地庫鎖，勤儉持家福綿綿,　申金得財又失財，謹防夏天子月來,　冬冷出兵必受敗，四庫耗神午月開,　四庫阻礙待亥水，亂時把握見真財,　寅申卯酉表面化，勞心勞力身體垮,　四庫夏月勿貪求，秋冬好轉慢慢行,　寅申卯酉皆無利，慎修慎行災不臨,　寅卯得財申酉失，枉費計較半生求,　四月官非五月災，秋金四庫好運來,　春耕秋收冬隱藏，卯酉適時注意虛,　無財莫求心安祥，謙遜待人福綿綿,　卯酉寅申日月囚，識得天機富不休,　寅申之月防小人，萬事小心勿攀緣,　四庫有財宜夏至，寅卯申猴財寶失,　牛羊歲月檔財神，卯酉有災要小心,　表面貴人有欺心，四庫無情文書災,　四庫財旺抓機會，寅申卯酉有災非,　四庫寅申并卯酉，是非多端亥子求,　春冬財利見分明，四庫炎夏財不臨,　冬至財神來團圓，四庫寅申不堪栽,　子月庫破亥月災，凡事保守永無害,　謹防財得災非到，四庫破財寅申栽,　寅申來臨防劫財，讀書訪賢增智慧,　寅卯之月有亦無，知足常樂真自在,　四庫日月有災非，子午來臨跳陷阱,　秋財興旺在中秋，亥巳月衰防魔考,　勿貪勿求家安樂，夫妻全家笑哈哈,　卯月無福多口舌，申酉多端不貪求,　口舌官非難終止，惟從退隱勤修行,　四庫寅申宜戒慎，子午亥巳空歡喜,　巳亥月日防官非，偷雞不著倒吃米,　讀書考試有官貴，四庫歲月可題名,　卯酉身動慎防貪，夏月福德合家歡,　巳亥雙月藏官司，四庫春卯災禍至,　四庫貴友巳午仇，量力自保永安祥,　寅申之月防被騙，識得用易必安心,　寅申卯酉歲月臨，勤儉知足是根本,　寅申卯酉忌日月，四庫炎夏正逢時,　四庫寅卯月注意，謹防失財惹官災,　求財無望空勞碌，只緣無福該修心,　有修善士財滿貫，巳酉月令破財來,　秋霜謹防有陷阱，亥巳仇神又衝突,　春冬財旺是正時，守己待時財神來,　有財無庫知足樂，申酉子亥白忙茫,　四庫官非運難開，慎行不貪永無災,　巳亥月日表面財，信心智慧災不來,　夏雷正逢財入庫，四庫求財只一半,　春愁夏憂秋有災，亥子歲月財神來,　四庫卯酉難度日，巳午日月犯官災,　卯月有財但短促，寅申夏冬浮雲遮,　巳午炎財宜把握，逢虎捕牛空餘恨,　巳亥子五月不宜，堅持踏實好根基,　四庫有財嘴邊選，卯酉官司划不來,　申酉巳亥月令來，看有拿無空歡喜,　亥巳子午連連破，妄自誇大老來囚,　秋冬四庫最辛苦，修行為本正逢時,　卯酉歲月多災非，四庫歲月破財年,凡得本卦勿貪念，財庫不失好過年,　知足常樂年年春，謹防辰戌災非來,　秋財極旺好時機，成本計算勿失信,,,,,,,,,,,
,,,,,,,,,,,,,,,,,,,,,,,,,,,,,,,,,,,,,,,,,,,,,,,,,,,,,,,,,,,,,,,,,,,,,,,,,,,
,六沖卦,六沖卦,,,遊魂卦,遊魂卦,歸魂卦,歸魂卦,,,六合卦,六合卦,歸魂卦,歸魂卦,,六合卦,歸魂卦,歸魂卦,,,,六合卦,,六合卦,六沖卦,,遊魂卦,遊魂卦,六沖卦,六沖卦,,,,六沖卦,遊魂卦,遊魂卦,,,,,,,,,,,六合卦,,,,六沖卦,六沖卦,歸魂卦,歸魂卦,,六合卦,六沖卦,六沖卦,,六合卦,遊魂卦,遊魂卦,,,,,,,,,,,,,
,父戌　▄▄▄▄▄,孫酉　▄▄　▄▄,兄子　▄▄　▄▄,父寅　▄▄▄▄▄,財子　▄▄　▄▄,父子　▄▄▄▄▄,父酉　▄▄　▄▄,財子　▄▄　▄▄,兄卯　▄▄▄▄▄,兄戌　▄▄▄▄▄,孫酉　▄▄　▄▄,父戌　▄▄▄▄▄,孫戌　▄▄▄▄▄,官巳　▄▄▄▄▄,兄酉　▄▄　▄▄,財戌　▄▄　▄▄,財未　▄▄　▄▄,兄寅　▄▄▄▄▄,孫酉　▄▄　▄▄,財卯　▄▄▄▄▄,孫巳　▄▄▄▄▄,官寅　▄▄▄▄▄,財寅　▄▄▄▄▄,孫酉　▄▄　▄▄,孫巳　▄▄▄▄▄,官寅　▄▄▄▄▄,兄寅　▄▄▄▄▄,財未　▄▄　▄▄,兄子　▄▄　▄▄,兄巳　▄▄▄▄▄,父未　▄▄　▄▄,財戌　▄▄　▄▄,父戌　▄▄▄▄▄,兄戌　▄▄　▄▄,官巳　▄▄▄▄▄,父酉　▄▄　▄▄,兄卯　▄▄▄▄▄,父巳　▄▄▄▄▄,孫子　▄▄　▄▄,財戌　▄▄　▄▄,官寅　▄▄▄▄▄,兄卯　▄▄▄▄▄,兄未　▄▄　▄▄,父戌　▄▄▄▄▄,父未　▄▄　▄▄,官酉　▄▄　▄▄,父未　▄▄　▄▄,父子　▄▄　▄▄,官未　▄▄　▄▄,兄巳　▄▄▄▄▄,財戌　▄▄　▄▄,官寅　▄▄▄▄▄,官卯　▄▄▄▄▄,父戌　▄▄　▄▄,官戌　▄▄　▄▄,兄巳　▄▄▄▄▄,兄卯　▄▄▄▄▄,父未　▄▄　▄▄,父卯　▄▄▄▄▄,兄子　▄▄　▄▄,官卯　▄▄▄▄▄,父戌　▄▄　▄▄,兄子　▄▄　▄▄,兄巳　▄▄▄▄▄,,,,,,,,,,,
,兄申　▄▄▄▄▄,財亥　▄▄　▄▄,官戌　▄▄▄▄▄,官子　▄▄　▄▄,兄戌　▄▄▄▄▄,兄戌　▄▄▄▄▄,兄亥　▄▄　▄▄,兄戌　▄▄▄▄▄,孫巳　▄▄▄▄▄,孫申　▄▄▄▄▄,財亥　▄▄　▄▄,兄申　▄▄▄▄▄,財申　▄▄▄▄▄,父未　▄▄　▄▄,孫亥　▄▄　▄▄,官申　▄▄　▄▄,官酉　▄▄▄▄▄,父子　▄▄　▄▄,財亥　▄▄　▄▄,官巳　▄▄▄▄▄,財未　▄▄　▄▄,財子　▄▄　▄▄,孫子　▄▄　▄▄,財亥　▄▄　▄▄,財未　▄▄▄▄▄,財子　▄▄　▄▄,父子　▄▄　▄▄,官酉　▄▄▄▄▄,官戌　▄▄▄▄▄,孫未　▄▄　▄▄,兄酉　▄▄▄▄▄,官申　▄▄　▄▄,兄申　▄▄▄▄▄,孫申　▄▄　▄▄,父未　▄▄　▄▄,兄亥　▄▄　▄▄,孫巳　▄▄▄▄▄,兄未　▄▄　▄▄,父戌　▄▄▄▄▄,官申　▄▄　▄▄,財子　▄▄　▄▄,孫巳　▄▄▄▄▄,孫酉　▄▄▄▄▄,兄申　▄▄▄▄▄,兄酉　▄▄▄▄▄,父亥　▄▄　▄▄,兄酉　▄▄▄▄▄,財戌　▄▄▄▄▄,父酉　▄▄▄▄▄,孫未　▄▄　▄▄,官申　▄▄　▄▄,財子　▄▄　▄▄,父巳　▄▄▄▄▄,兄申　▄▄　▄▄,父申　▄▄　▄▄,孫未　▄▄　▄▄,孫巳　▄▄▄▄▄,兄酉　▄▄▄▄▄,兄巳　▄▄▄▄▄,官戌　▄▄▄▄▄,父巳　▄▄▄▄▄,兄申　▄▄　▄▄,官戌　▄▄▄▄▄,孫未　▄▄　▄▄,,,,,,,,,,,
,官午　▄▄▄▄▄,兄丑　▄▄　▄▄,父申　▄▄　▄▄,孫戌　▄▄　▄▄,孫申　▄▄　▄▄,孫申　▄▄▄▄▄,官丑　▄▄　▄▄,孫申　▄▄　▄▄,財未　▄▄　▄▄,父午　▄▄　▄▄,兄丑　▄▄　▄▄,官午　▄▄▄▄▄,兄午　▄▄▄▄▄,兄酉　▄▄▄▄▄,父丑　▄▄　▄▄,孫午　▄▄▄▄▄,父亥　▄▄▄▄▄,財戌　▄▄　▄▄,兄丑　▄▄　▄▄,父未　▄▄　▄▄,官酉　▄▄▄▄▄,兄戌　▄▄　▄▄,父戌　▄▄　▄▄,兄丑　▄▄　▄▄,官酉　▄▄▄▄▄,兄戌　▄▄　▄▄,財戌　▄▄　▄▄,父亥　▄▄▄▄▄,父申　▄▄　▄▄,財酉　▄▄▄▄▄,孫亥　▄▄▄▄▄,孫午　▄▄▄▄▄,官午　▄▄▄▄▄,父午　▄▄▄▄▄,兄酉　▄▄▄▄▄,官丑　▄▄　▄▄,財未　▄▄　▄▄,孫酉　▄▄▄▄▄,兄申　▄▄　▄▄,孫午　▄▄▄▄▄,兄戌　▄▄　▄▄,財未　▄▄　▄▄,父午　▄▄▄▄▄,官午　▄▄▄▄▄,孫亥　▄▄▄▄▄,財丑　▄▄　▄▄,孫亥　▄▄▄▄▄,官申　▄▄　▄▄,兄亥　▄▄▄▄▄,財酉　▄▄▄▄▄,孫午　▄▄▄▄▄,兄戌　▄▄　▄▄,兄未　▄▄　▄▄,官午　▄▄▄▄▄,財午　▄▄▄▄▄,財酉　▄▄▄▄▄,財未　▄▄　▄▄,孫亥　▄▄▄▄▄,孫未　▄▄　▄▄,父申　▄▄　▄▄,兄未　▄▄　▄▄,官午　▄▄▄▄▄,父申　▄▄　▄▄,財酉　▄▄▄▄▄,,,,,,,,,,,
,,,,,,,,,,,,,,,,,,,,,,,,,,,,,,,,,,,,,,,,,,,,,,,,,,,,,,,,,,,,,,,,,,,,,,,,,,,
,父辰　▄▄▄▄▄,官卯　▄▄　▄▄,官辰　▄▄　▄▄,兄午　▄▄　▄▄,兄辰　▄▄▄▄▄,兄午　▄▄　▄▄,財午　▄▄　▄▄,官卯　▄▄　▄▄,財辰　▄▄▄▄▄,兄丑　▄▄　▄▄,兄辰　▄▄▄▄▄,財卯　▄▄　▄▄,官亥　▄▄▄▄▄,父辰　▄▄▄▄▄,兄申　▄▄▄▄▄,兄卯　▄▄　▄▄,財辰　▄▄　▄▄,官酉　▄▄▄▄▄,兄丑　▄▄　▄▄,財卯　▄▄　▄▄,財辰　▄▄　▄▄,財亥　▄▄▄▄▄,財卯　▄▄　▄▄,兄辰　▄▄　▄▄,財辰　▄▄　▄▄,兄辰　▄▄▄▄▄,財辰　▄▄　▄▄,官酉　▄▄▄▄▄,財午　▄▄　▄▄,官亥　▄▄▄▄▄,兄申　▄▄▄▄▄,孫午　▄▄▄▄▄,兄申　▄▄▄▄▄,兄辰　▄▄▄▄▄,財卯　▄▄　▄▄,兄亥　▄▄▄▄▄,父亥　▄▄▄▄▄,兄丑　▄▄　▄▄,兄申　▄▄▄▄▄,孫午　▄▄　▄▄,兄丑　▄▄　▄▄,財辰　▄▄　▄▄,兄辰　▄▄▄▄▄,兄酉　▄▄▄▄▄,財卯　▄▄　▄▄,官酉　▄▄▄▄▄,官午　▄▄　▄▄,官酉　▄▄▄▄▄,兄亥　▄▄▄▄▄,財酉　▄▄▄▄▄,財辰　▄▄　▄▄,孫申　▄▄▄▄▄,孫申　▄▄▄▄▄,父丑　▄▄　▄▄,兄亥　▄▄▄▄▄,財申　▄▄▄▄▄,官酉　▄▄▄▄▄,父丑　▄▄　▄▄,兄午　▄▄　▄▄,官丑　▄▄　▄▄,兄丑　▄▄　▄▄,兄申　▄▄▄▄▄,兄亥　▄▄▄▄▄,兄午　▄▄　▄▄,,,,,,,,,,,
,財寅　▄▄▄▄▄,父巳　▄▄　▄▄,孫寅　▄▄　▄▄,孫辰　▄▄▄▄▄,官寅　▄▄▄▄▄,孫辰　▄▄▄▄▄,官辰　▄▄▄▄▄,父巳　▄▄　▄▄,兄寅　▄▄▄▄▄,官卯　▄▄▄▄▄,官寅　▄▄▄▄▄,官巳　▄▄　▄▄,孫丑　▄▄　▄▄,財寅　▄▄▄▄▄,官午　▄▄　▄▄,孫巳　▄▄　▄▄,兄寅　▄▄　▄▄,父亥　▄▄▄▄▄,官卯　▄▄▄▄▄,官巳　▄▄　▄▄,兄寅　▄▄　▄▄,兄丑　▄▄　▄▄,官巳　▄▄　▄▄,官寅　▄▄　▄▄,兄寅　▄▄　▄▄,官寅　▄▄▄▄▄,兄寅　▄▄　▄▄,父亥　▄▄▄▄▄,官辰　▄▄▄▄▄,孫丑　▄▄　▄▄,官午　▄▄　▄▄,父亥　▄▄▄▄▄,官午　▄▄　▄▄,官寅　▄▄▄▄▄,官巳　▄▄　▄▄,官丑　▄▄　▄▄,財丑　▄▄　▄▄,官卯　▄▄▄▄▄,官午　▄▄　▄▄,財辰　▄▄▄▄▄,官卯　▄▄▄▄▄,兄寅　▄▄　▄▄,官寅　▄▄▄▄▄,孫亥　▄▄▄▄▄,官巳　▄▄　▄▄,父亥　▄▄▄▄▄,父辰　▄▄▄▄▄,父亥　▄▄▄▄▄,官丑　▄▄　▄▄,官亥　▄▄▄▄▄,兄寅　▄▄　▄▄,父午　▄▄　▄▄,父午　▄▄　▄▄,財卯　▄▄▄▄▄,官丑　▄▄　▄▄,兄午　▄▄　▄▄,父亥　▄▄▄▄▄,財卯　▄▄▄▄▄,孫辰　▄▄▄▄▄,孫卯　▄▄▄▄▄,官卯　▄▄▄▄▄,官午　▄▄　▄▄,官丑　▄▄　▄▄,孫辰　▄▄▄▄▄,,,,,,,,,,,
,孫子　▄▄▄▄▄,兄未　▄▄　▄▄,兄子　▄▄▄▄▄,父寅　▄▄　▄▄,財子　▄▄▄▄▄,父寅　▄▄　▄▄,孫寅　▄▄　▄▄,兄未　▄▄　▄▄,父子　▄▄▄▄▄,父巳　▄▄▄▄▄,財子　▄▄▄▄▄,父未　▄▄　▄▄,父卯　▄▄▄▄▄,孫子　▄▄▄▄▄,父辰　▄▄　▄▄,財未　▄▄　▄▄,父子　▄▄▄▄▄,財丑　▄▄　▄▄,父巳　▄▄▄▄▄,父未　▄▄　▄▄,父子　▄▄▄▄▄,官卯　▄▄▄▄▄,父未　▄▄　▄▄,財子　▄▄▄▄▄,父子　▄▄▄▄▄,財子　▄▄▄▄▄,父子　▄▄▄▄▄,財丑　▄▄　▄▄,孫寅　▄▄　▄▄,父卯　▄▄▄▄▄,父辰　▄▄　▄▄,財丑　▄▄　▄▄,父辰　▄▄　▄▄,財子　▄▄▄▄▄,父未　▄▄　▄▄,孫卯　▄▄▄▄▄,兄卯　▄▄▄▄▄,父巳　▄▄▄▄▄,父辰　▄▄　▄▄,兄寅　▄▄　▄▄,父巳　▄▄▄▄▄,父子　▄▄▄▄▄,財子　▄▄▄▄▄,父丑　▄▄　▄▄,父未　▄▄　▄▄,財丑　▄▄　▄▄,財寅　▄▄　▄▄,財丑　▄▄　▄▄,孫卯　▄▄▄▄▄,孫丑　▄▄　▄▄,父子　▄▄▄▄▄,兄辰　▄▄　▄▄,兄辰　▄▄　▄▄,官巳　▄▄▄▄▄,孫卯　▄▄▄▄▄,孫辰　▄▄　▄▄,財丑　▄▄　▄▄,官巳　▄▄▄▄▄,父寅　▄▄　▄▄,財巳　▄▄▄▄▄,父巳　▄▄▄▄▄,父辰　▄▄　▄▄,孫卯　▄▄▄▄▄,父寅　▄▄　▄▄,,,,,,,,,,,
,,,,,,,,,,,,,,,,,,,,,,,,,,,,,,,,,,,,,,,,,,,,,,,,,,,,,,,,,,,,,,,,,,,,,,,,,,,
,,,,,,,,,,,,,,,,,,,,,,,,,,,,,,,,,,,,,,,,,,,,,,,,,,,,,,,,,,,,,,,,,,,,,,,,,,,
,,,,,,,,,,,,,,,,,,,,,,,,,,,,,,,,,,,,,,,,,,,,,,,,,,,,,,,,,,,,,,,,,,,,,,,,,,,
,,,,,,,,,,,,,,,,,,,,,,,,,,,,,,,,,,,,,,,,,,,,,,,,,,,,,,,,,,,,,,,,,,,,,,,,,,,
,,,,,,,,,,,,,,,,,,,,,,,,,,,,,,,,,,,,,,,,,,,,,,,,,,,,,,,,,,,,,,,,,,,,,,,,,,,
,,,,,,,,,,,,,,,,,,,,,,,,,,,,,,,,,,,,,,,,,,,,,,,,,,,,,,,,,,,,,,,,,,,,,,,,,,,
,,,,,,,,,,,,,,,,,,,,,,,,,,,,,,,,,,,,,,,,,,,,,,,,,,,,,,,,,,,,,,,,,,,,,,,,,,,
,,,,,,,,,,,,,,,,,,,,,,,,,,,,,,,,,,,,,,,,,,,,,,,,,,,,,,,,,,,,,,,,,,,,,,,,,,,
,,,,,,,,,,,,,,,,,,,,,,,,,,,,,,,,,,,,,,,,,,,,,,,,,,,,,,,,,,,,,,,,,,,,,,,,,,,
